state_abbr,year,month,TMAX,TMIN,TAVG,HDD,CDD
CT,2014,1,0.41645289383401174,-10.165992484526967,-4.864986769232806,683.6374999999999,0.0
CT,2014,2,1.2857354497354498,-9.655367724867725,-4.184816137566138,589.202,0.0
CT,2014,3,4.981938264738599,-6.475908416759363,-0.746985076010382,579.4020833333333,0.0
CT,2014,4,14.505022488755623,2.0399400299850075,8.272481259370315,291.5652173913044,0.1586956521739133
CT,2014,5,20.67346528348729,8.817077014488147,14.745271148987717,109.00434782608696,9.11521739130435
CT,2014,6,25.468514869549352,13.501652983032294,19.485083926290823,13.897619047619049,58.08809523809524
CT,2014,7,27.74651515151515,16.7846394984326,22.262432079414836,0.8159090909090907,132.3272727272727
CT,2014,8,26.2656708742403,14.561837307152876,20.413754090696585,6.06304347826087,80.7195652173913
CT,2014,9,23.711363636363636,11.82,17.765681818181818,54.67727272727273,47.64772727272727
CT,2014,10,17.49056891495601,7.258263929618767,12.374416422287391,179.26136363636363,6.411363636363637
CT,2014,11,9.512204806687565,-0.7120637408568443,4.400070532915361,407.425,0.0
CT,2014,12,5.8694534050179215,-1.6433602150537634,2.113046594982079,491.89166666666665,0.0
CT,2015,1,0.3232678821879383,-9.587727910238428,-4.634261337073399,699.7565217391304,0.0
CT,2015,2,-2.64472049689441,-15.353416149068323,-8.999068322981367,755.9739130434783,0.0
CT,2015,3,4.288774193548387,-6.0317204301075265,-0.5862903225806452,553.128,0.0
CT,2015,4,14.532321547559555,2.3100131184407795,8.421167333000167,284.27916666666664,0.0
CT,2015,5,23.887818072530557,10.04579743538369,16.966807753957124,70.93478260869566,39.05652173913043
CT,2015,6,24.051005747126435,13.434295977011494,18.742650862068967,37.302083333333336,59.510416666666664
CT,2015,7,28.159966529622604,16.748716266076325,22.453142921146952,1.1229166666666668,136.98958333333334
CT,2015,8,28.401745007680493,16.438660522273427,22.420202764976956,0.5080000000000006,136.3
CT,2015,9,26.61507799671593,13.299861795292829,19.95746989600438,20.189583333333335,78.37291666666667
CT,2015,10,17.08625947348906,4.633721690767519,10.859990582128292,216.926,0.3200000000000001
CT,2015,11,13.493600181746734,2.4299597209942037,7.961779951370468,292.79791666666665,0.4979166666666666
CT,2015,12,10.822706847595612,1.9423907074880378,6.377397262390311,340.175,0.0
CT,2016,1,3.3266471163245357,-6.4114099706744865,-1.5455599217986316,583.8240000000001,0.0
CT,2016,2,5.896736871537933,-5.890404655026671,0.026303379668764285,499.2442307692308,0.0
CT,2016,3,11.817880542396672,0.43610864643122704,6.126994594413949,361.32884615384614,0.042307692307692366
CT,2016,4,14.490512820512821,2.094258241758242,8.292385531135531,287.26153846153846,0.7519230769230771
CT,2016,5,20.616035821085447,8.862492969396195,14.729720016542597,126.34038461538461,30.18653846153846
CT,2016,6,26.06148069878839,13.728500986193295,19.88922161172161,11.81346153846154,66.96153846153847
CT,2016,7,29.528016353925082,17.738093387714745,23.634432353425858,1.0339999999999998,166.46400000000003
CT,2016,8,29.3024931435288,17.61948717948718,23.46711527578251,1.0730769230769235,164.93653846153848
CT,2016,9,25.017071264367814,13.563135960591133,19.290795073891626,31.2,69.768
CT,2016,10,17.831733333333332,6.362012903225807,12.096741935483871,188.764,6.3
CT,2016,11,12.263112643678163,0.8314298850574713,6.547271264367817,343.074,0.0
CT,2016,12,5.241206124088493,-4.335975466567791,0.452615328760351,540.4145833333333,0.0
CT,2017,1,4.6087926267281105,-3.5492580645161294,0.5297672811059908,539.156,0.0
CT,2017,2,6.714989417989418,-4.113126984126984,1.300931216931217,465.56,0.0
CT,2017,3,5.99970752688172,-4.341492473118279,0.8291075268817204,531.6419999999999,0.0
CT,2017,4,16.69666206896552,5.332473563218391,11.011298850574713,216.4,7.263999999999999
CT,2017,5,19.033572858731926,8.637572208436724,13.833489774963635,144.246,16.486
CT,2017,6,25.524059770114942,13.603370114942528,19.563714942528737,29.534000000000002,76.42399999999999
CT,2017,7,27.507526881720427,16.75201612903226,22.129771505376343,5.864583333333335,133.88750000000002
CT,2017,8,26.80295852534562,15.123992319508448,20.963475422427038,7.384000000000001,92.97399999999999
CT,2017,9,24.607791729135432,13.743486798267533,19.17563926370148,33.829166666666666,68.47500000000001
CT,2017,10,20.880837659127426,9.132112841428748,15.00683908045977,110.35416666666667,18.277083333333334
CT,2017,11,10.78787356321839,-0.4670354406130268,5.160419061302682,384.65208333333334,0.027083333333333275
CT,2017,12,2.216006466651628,-5.788725092112188,-1.7936739980449659,607.7727272727273,0.0
CT,2018,1,1.3381776476409974,-8.727360359758677,-3.695877179312626,657.2652173913044,0.0
CT,2018,2,6.994365256321778,-3.0165401426270995,1.9909829502220806,445.4891304347826,0.006521739130434875
CT,2018,3,6.796601215521271,-1.9005610098176717,2.4480201028518,480.7565217391304,0.0
CT,2018,4,11.79063968015992,0.9521089455272363,6.371374312843578,347.8804347826087,0.004347826086956583
CT,2018,5,22.73384472606247,10.808272529441885,16.771058627752176,69.91875,32.075
CT,2018,6,24.797575757575757,13.359848484848486,19.07871212121212,27.188636363636363,59.550000000000004
CT,2018,7,28.982397107897665,17.8622311827957,23.42231414534668,0.2708333333333333,167.96041666666667
CT,2018,8,28.619588592800373,18.8522814399252,23.735935016362784,0.29347826086956524,177.81521739130434
CT,2018,9,23.57101023391813,14.876871345029238,19.223940789473684,37.05416666666667,72.11041666666667
CT,2018,10,16.17372434017595,6.453255131964809,11.313489736070382,221.3159090909091,14.329545454545455
CT,2018,11,8.286409538737125,-0.1113886400955367,4.087510449320794,415.5886363636364,0.01590909090909065
CT,2018,12,5.572559746519702,-3.3539203492095595,1.1093196986550713,520.6045454545455,0.0
CT,2019,1,2.332606937000708,-7.445206795429265,-2.5562999292142785,635.2954545454545,0.0
CT,2019,2,3.766029341029341,-5.623472823472824,-0.9287217412217412,528.1795454545455,0.0
CT,2019,3,7.048708591289236,-3.7533528836754644,1.662584175084175,502.16590909090905,0.0
CT,2019,4,15.061363636363636,4.235,9.648181818181818,251.2590909090909,0.7045454545454546
CT,2019,5,19.365495837125426,8.974899888765295,14.170197862945361,128.41363636363636,10.704545454545455
CT,2019,6,24.933909090909093,13.720218855218855,19.32706397306397,21.270454545454548,60.52045454545455
CT,2019,7,29.79796633941094,18.14721832632071,23.972592332865826,0.019565217391304318,184.93043478260867
CT,2019,8,27.525521110412534,15.91810223920298,21.721811674807757,4.780434782608697,119.8891304347826
CT,2019,9,23.882158960202442,11.468267770876468,17.675213365539452,40.891304347826086,31.12826086956522
CT,2019,10,17.203136200716845,7.260026881720431,12.231581541218638,177.80208333333334,5.20625
CT,2019,11,9.040428455643973,-1.7116810344827587,3.664373710580607,426.83750000000003,0.3270833333333334
CT,2019,12,4.350789345063538,-4.655709921798631,-0.1524602883675465,556.025,0.0
CT,2020,1,5.501131617038875,-3.820551994301994,0.8571248621450235,519.69375,0.0
CT,2020,2,5.645297303271441,-3.2159482758620688,1.2117242760831124,475.13124999999997,0.0
CT,2020,3,10.670977854181414,0.0010261070501615954,5.3801104762867835,379.0541666666666,0.0
CT,2020,4,11.867267080745341,1.971165845648604,6.938654244306418,313.05434782608694,0.0
CT,2020,5,19.71871482000935,7.65418115942029,13.68644798971482,145.8804347826087,14.773913043478261
CT,2020,6,26.405735252208604,14.03961764985276,20.222676451030683,22.706818181818182,88.60909090909091
CT,2020,7,29.65706884513336,19.051038262812458,24.354053553972907,0.00909090909090906,190.98636363636362
CT,2020,8,28.47577383863112,17.36051688697382,22.91814536280247,2.0673913043478267,151.34565217391304
CT,2020,9,23.762168915542226,11.9283908045977,17.845279860069965,52.02391304347826,47.48260869565217
CT,2020,10,17.030310614487476,6.811998179795733,11.922513145919709,190.675,3.2045454545454546
CT,2020,11,13.752671997334668,1.5849086567827197,7.668790327058693,307.9413043478261,0.16086956521739126
CT,2020,12,5.746877045348294,-3.602384291725105,1.0707667134174848,523.45,0.0
CT,2021,1,2.716236908253037,-5.3804199832425645,-1.3320915374947633,592.8909090909091,0.0
CT,2021,2,2.2613636363636362,-5.9719155844155845,-1.8552759740259739,555.9477272727273,0.0
CT,2021,3,10.304130009775172,-2.0992864125122193,4.102421798631476,429.70454545454544,0.1954545454545455
CT,2021,4,15.454786967418547,3.621854636591479,9.538320802005012,252.06052631578945,0.06842105263157917
CT,2021,5,20.79792975841363,8.197502443792766,14.497716101103197,123.74318181818181,16.295454545454547
CT,2021,6,26.713492063492065,14.873174603174602,20.793333333333333,16.69047619047619,100.4904761904762
CT,2021,7,26.694274193548388,17.166568409343718,21.934947163515016,4.8775,126.54
CT,2021,8,27.581763362800775,18.002564252678415,22.79216380773959,1.8447368421052635,149.0157894736842
CT,2021,9,23.84077380952381,13.639464285714286,18.740119047619046,24.9625,46.940000000000005
CT,2021,10,18.863367383512546,8.950702508960573,13.907034946236559,129.13,3.049999999999999
CT,2021,11,11.067344222625529,-0.5433929651715497,5.261975628726989,376.91315789473686,0.0
CT,2021,12,7.056349206349206,-1.0731182795698926,2.991615463389657,443.62,0.0
CT,2022,1,0.8939784946236559,-9.396076344086023,-4.251048924731182,653.085,0.0
CT,2022,2,5.281514202172096,-6.985329991645782,-0.906530910609858,502.82250000000005,0.0
CT,2022,3,9.025830590300636,-1.7205026311599911,3.6207172008588384,403.7285714285714,0.0
CT,2022,4,14.531079798394453,3.343526614668856,8.937303206531656,264.9225,0.43500000000000016
CT,2022,5,21.64677419354839,10.363548387096774,16.005161290322583,88.39750000000001,33.1575
CT,2022,6,25.58139655172414,13.266630369026013,19.205102843315185,16.0875,50.42
CT,2022,7,29.522241086587435,17.53005093378608,23.526146010186757,0.03684210526315786,171.34736842105264
CT,2022,8,29.628827352028573,18.168192728762953,23.898510040395763,0.32631578947368434,182.50263157894736
CT,2022,9,23.251746031746034,12.14181818181818,17.68920634920635,43.80714285714286,36.54523809523809
CT,2022,10,17.287897849462365,6.228236559139785,11.758067204301074,190.65,1.345000000000001
CT,2022,11,13.508931673052363,2.0736374140971843,7.911720306513411,285.5,2.559523809523809
CT,2022,12,5.766526054590571,-3.908921422663358,0.9599689826302729,497.66499999999996,0.0
CT,2023,1,6.792184089255397,-0.8489872224549643,2.9277255639097746,441.475,0.0
CT,2023,2,7.281802721088435,-4.643424036281179,1.0176488095238096,449.3809523809524,0.0
CT,2023,3,9.029761479249908,-1.0116649858942772,4.014029449685334,419.7815789473684,0.0
CT,2023,4,16.80639846743295,4.686453201970444,10.746425834701697,224.90238095238095,7.711904761904763
CT,2023,5,20.885672916997724,6.952831029185869,13.921547950103289,130.1625,5.140000000000001
CT,2023,6,24.24154742356713,13.328232074438972,18.793708460395653,30.547619047619047,54.18571428571429
CT,2023,7,28.95766513056836,18.749170506912442,23.852242703533026,2.3071428571428574,182.65714285714287
CT,2023,8,26.017694616593396,16.23007574553737,21.12534959478786,2.4500000000000006,99.07857142857144
CT,2023,9,23.76699390100868,13.796922746109939,18.78195832355931,48.20952380952381,71.3452380952381
CT,2023,10,19.039339477726575,8.287450076804916,13.663394777265745,141.5047619047619,7.3309523809523816
CT,2023,11,10.018330596606457,-1.083207443897099,4.467561576354679,404.6690476190476,0.0
CT,2023,12,8.104024577572964,-0.4449547115843,3.8214336917562726,437.50714285714287,0.0
CT,2024,1,3.5381639967815084,-3.881912808134006,-0.17187440567624898,542.7761904761904,0.0
CT,2024,2,5.777141864703442,-4.162671195799275,0.8074405889676826,481.91190476190474,0.0
CT,2024,3,10.717863726135615,0.8022704995976885,5.758467010460098,370.6714285714286,0.0
CT,2024,4,14.762005772005772,3.65010101010101,9.206053391053391,261.43095238095236,0.5857142857142857
CT,2024,5,21.523296992306207,10.831856325673531,16.17757665898987,76.93333333333332,21.473809523809525
CT,2024,6,27.166190476190476,15.176984126984129,21.1715873015873,7.1071428571428585,102.2547619047619
CT,2024,7,28.677593445980545,18.933691756272403,23.805642601126472,0.14047619047619062,179.8047619047619
CT,2024,8,26.605776867497298,16.16020765773454,21.382992262615918,7.088095238095238,109.9452380952381
CT,2024,9,23.380782657104493,12.172961278823347,17.77687196796392,33.266666666666666,26.423809523809524
CT,2024,10,19.37590691597366,5.616234970072568,12.496070943023112,171.1261904761905,1.333333333333334
CT,2024,11,13.83873015873016,2.137936507936508,7.988333333333333,301.95714285714286,1.6071428571428565
CT,2024,12,4.8342037890424985,-4.866134152585765,-0.015965181771633412,556.754761904762,0.0
MA,2014,1,0.7017969541241553,-9.652433481500008,-4.464093726452822,687.3284615384615,0.0
MA,2014,2,1.537937617937618,-9.177059296259298,-3.8247680023680024,604.6700000000001,0.0
MA,2014,3,4.511295413707538,-7.192862197313254,-1.3413689997433045,596.2246153846154,0.0
MA,2014,4,13.70814098545133,1.7724449803070494,7.742242585001207,306.17769230769227,0.3492307692307691
MA,2014,5,19.76240516052974,8.14647978985448,13.954462050598785,129.88846153846154,6.73
MA,2014,6,24.80426339285714,12.652202380952382,18.727816220238097,23.92265625,46.175000000000004
MA,2014,7,27.344202546642915,16.647475563769415,21.997622736682732,0.9710937500000003,120.68515625
MA,2014,8,25.62046487439146,13.909314280616124,19.7651629790409,8.64920634920635,62.4436507936508
MA,2014,9,23.305646579696937,11.023348483400481,17.1410996825652,68.53015873015872,43.13650793650793
MA,2014,10,17.039272510594483,7.145285697333652,12.089138328453991,185.4269841269841,5.114285714285714
MA,2014,11,9.16644301065757,-0.6841857354265674,4.2391286283665925,405.9174603174603,0.0
MA,2014,12,6.001846964929403,-1.564794856581851,2.223931107599283,482.5936507936508,0.0
MA,2015,1,0.15866753835767022,-10.17761264855682,-5.007115118297693,704.1753968253969,0.0
MA,2015,2,-2.881045394934284,-15.368211036465006,-9.130042554447316,739.6777777777777,0.0
MA,2015,3,4.304057819766147,-6.70676881047809,-1.200102721845134,585.1396825396826,0.0
MA,2015,4,13.341949461777048,1.848118991936726,7.593836109156307,309.60555555555555,0.0
MA,2015,5,23.347550485347465,9.284170470520982,16.315487909893395,82.05555555555556,30.43968253968254
MA,2015,6,22.932336621480115,12.145560805527436,17.53554638214955,53.81935483870968,39.975806451612904
MA,2015,7,27.644320668780868,16.092630203601846,21.868475436191357,2.6266129032258063,121.30806451612904
MA,2015,8,27.970651668276236,16.2675750722313,22.12135640846247,1.2769841269841273,125.99603174603175
MA,2015,9,25.665781195177747,12.70263327731787,19.181641919588348,33.90079365079365,67.66190476190476
MA,2015,10,16.107594219494743,4.542936180033749,10.327649687609563,235.62698412698413,0.15317460317460316
MA,2015,11,12.899521598817165,1.7192966121636073,7.305060077245628,315.6698412698413,0.4111111111111113
MA,2015,12,10.079311519147756,1.6040192880156774,5.844325359518487,369.41269841269843,0.0
MA,2016,1,2.9737505427281703,-6.168023692192841,-1.5979171847803662,597.2322580645161,0.0
MA,2016,2,5.592005189225664,-6.322674194136931,-0.37420034691536647,515.7161290322581,0.0
MA,2016,3,10.254744689397732,-0.44514250469218647,4.906365024110496,398.6368852459016,0.00573770491803281
MA,2016,4,13.378509370787494,1.1763876551185763,7.276619020700423,313.70983606557377,0.8262295081967214
MA,2016,5,19.67541483001262,8.136083229401917,13.90867133126421,145.9675,20.459999999999997
MA,2016,6,25.307060598311306,12.687701209244453,18.998006492622803,20.158196721311477,49.60573770491803
MA,2016,7,29.02756485348019,16.490872156469752,22.757686469673764,4.0106557377049175,149.09180327868853
MA,2016,8,28.79608650973181,16.54062189826303,22.727386104460965,1.7008196721311477,144.09426229508196
MA,2016,9,24.043881282924847,12.619113555305157,18.325906995938794,43.064516129032256,52.98709677419355
MA,2016,10,16.929157454918048,5.869088174435155,11.399122814676602,201.38225806451615,3.2080645161290318
MA,2016,11,11.305807008465518,0.7926859138472041,6.0509455381165616,351.3677419354839,0.0
MA,2016,12,4.821109444891248,-4.86144700184294,-0.015613717296758362,547.8677419354839,0.0
MA,2017,1,4.303550029560067,-4.231974901855562,0.04163369048270306,540.2508064516129,0.0
MA,2017,2,6.087113841952552,-4.594421521131199,0.7954725077789594,470.56935483870967,0.0
MA,2017,3,4.950391819930017,-5.350967290086024,-0.23384363749446818,547.1782258064517,0.0
MA,2017,4,15.449548473376355,4.387036882633019,9.886734615754143,243.21311475409837,6.536065573770491
MA,2017,5,17.668161719083507,7.840906576407114,12.777508157709779,170.36803278688527,14.108196721311476
MA,2017,6,24.68916298876323,13.040702441519286,18.86029305409746,39.08606557377049,64.86475409836065
MA,2017,7,26.45298934416544,15.9517937703355,21.202378488692208,9.573770491803279,106.47622950819672
MA,2017,8,26.241307742825978,14.366405266369108,20.331799593196678,10.913333333333334,80.23666666666666
MA,2017,9,23.875516350994022,13.14369218966449,18.505512613446474,37.55245901639344,52.73688524590164
MA,2017,10,20.092644583758364,8.755004490229112,14.419139864315957,116.1,11.141129032258064
MA,2017,11,10.63539780532161,-0.3593382653271419,5.131047010273025,367.8258064516129,0.03467741935483869
MA,2017,12,2.098132528965354,-6.303802808719023,-2.104476150796973,598.375,0.0
MA,2018,1,1.3723555314542202,-8.43838429169316,-3.5321726254275263,650.7147540983607,0.0
MA,2018,2,6.769934289127837,-3.5874016142161302,1.5851182254125802,442.6548387096774,0.028225806451612902
MA,2018,3,6.0159390240189135,-2.3578279220998715,1.8298368818381463,480.9258064516129,0.0
MA,2018,4,11.315076451789468,0.7825596978443623,6.042500518004754,344.2588709677419,0.0
MA,2018,5,21.858742820577227,9.620905028321774,15.74169980102734,91.71290322580644,24.125
MA,2018,6,23.894687699085665,12.430338168802667,18.163756641715572,38.911475409836065,44.30245901639344
MA,2018,7,28.01100401547983,17.039200928625025,22.89807039799332,1.7620967741935485,148.0774193548387
MA,2018,8,28.178056179139897,18.32349005313389,23.251250320517492,0.805737704918033,159.95573770491802
MA,2018,9,23.08310149667555,14.088149075345232,18.588143000536302,43.52049180327869,60.135245901639344
MA,2018,10,15.20762589323245,5.667446764411333,10.435687968166155,240.37213114754098,7.909016393442624
MA,2018,11,7.932490999254708,-0.32458075311410534,3.805374226128748,411.20081967213116,0.02131147540983602
MA,2018,12,5.084624385776049,-3.9783241377519127,0.5445031706070502,530.2175,0.0
MA,2019,1,1.9238410535041022,-7.89568600430472,-2.985157841458175,633.2798387096774,0.0
MA,2019,2,3.1125910228154265,-6.5307915156372385,-1.7056736998391977,541.8685483870968,0.0
MA,2019,3,6.489656422271089,-4.272133927831666,1.1119771860765062,504.9201612903226,0.0
MA,2019,4,14.091036273854684,3.4692485607849903,8.780142417319837,269.6,1.1193548387096774
MA,2019,5,17.622283066497534,7.697373660138202,12.6539361733211,165.60967741935482,5.655645161290322
MA,2019,6,24.002104849113525,13.120492475594693,18.561298662354112,25.587704918032784,42.5827868852459
MA,2019,7,29.009090970491002,17.520378245460954,23.26364893333151,0.7379032258064517,162.0774193548387
MA,2019,8,27.023665053267226,15.401130715848627,21.21199726020829,7.57016129032258,105.7741935483871
MA,2019,9,23.022092604083486,10.84515933439862,16.92985226565506,55.03306451612904,23.753225806451614
MA,2019,10,16.30755275207667,6.828933559384767,11.569304550111571,196.92983870967743,1.8185483870967747
MA,2019,11,8.620605378779494,-1.4264317131509248,3.6093182975492892,417.2547619047619,0.0
MA,2019,12,4.28664212747187,-4.9654941261245416,-0.3442174107597596,554.9580645161291,0.0
MA,2020,1,4.854547635113424,-4.384206608332246,0.23511112641740967,537.7941666666667,0.0
MA,2020,2,5.066615349916939,-4.172126292280621,0.4483194080452116,494.94166666666666,0.0
MA,2020,3,9.777452428387083,-0.8225947269989615,4.479026262758941,410.0737288135593,0.0
MA,2020,4,10.937715558887223,1.4015892516704611,6.169652405278842,339.58916666666664,0.0
MA,2020,5,19.36193414362524,7.300195295450475,13.3314144175702,159.5050847457627,17.38135593220339
MA,2020,6,25.682533160780384,13.63247724805878,19.657505204419582,29.91949152542373,79.40762711864407
MA,2020,7,28.76547745409362,18.212762300038182,23.488324329236455,0.9940677966101692,167.31186440677965
MA,2020,8,27.899905495427827,16.533149153160842,22.21885994091684,5.020338983050848,134.45254237288134
MA,2020,9,23.166116802705055,11.293415828332543,17.23154013200039,60.76525423728814,38.578813559322036
MA,2020,10,16.69356206490748,6.117548728416659,11.407371335188914,202.92327586206895,1.092241379310345
MA,2020,11,13.216669664435182,1.5272793840259358,7.373075714706749,307.53583333333336,0.47333333333333333
MA,2020,12,5.63272305561874,-3.4918522587585916,1.1000278385647186,510.0635593220339,0.0
MA,2021,1,2.5189092141274276,-5.451529944911745,-1.4651822291914423,587.4833333333333,0.0
MA,2021,2,2.1126974318890985,-6.343615846345013,-2.1107389275076773,551.6550000000001,0.0
MA,2021,3,9.76382955772758,-2.8456530170557808,3.4560067765326052,445.2237288135593,0.0
MA,2021,4,14.40090785788166,2.9233053797597797,8.663065829101964,276.6025423728813,0.0
MA,2021,5,20.14457961997461,8.057687509834086,14.10219591508519,132.9915254237288,15.611864406779663
MA,2021,6,26.38698744830627,14.859320281518945,20.64111178200777,17.93166666666667,94.77333333333333
MA,2021,7,25.521861388279106,16.529556256389707,21.03342565019499,9.035833333333333,100.31500000000001
MA,2021,8,27.582721825126075,17.892527799660822,22.732065572782485,1.9655172413793105,146.06465517241378
MA,2021,9,23.58888892397513,13.553599454430504,18.569084911698713,27.50086206896552,41.93017241379311
MA,2021,10,18.3085629447896,8.873679033190918,13.590418291386033,137.65438596491228,2.337719298245614
MA,2021,11,10.843284398736305,-0.5144966727162734,5.168957339069257,380.1254385964913,0.0
MA,2021,12,6.6769928900858,-1.725831365584893,2.4752327147122535,474.1921052631579,0.0
MA,2022,1,1.1355811055137341,-9.76980858402267,-4.313659271211991,681.405357142857,0.0
MA,2022,2,4.958504726094012,-6.998491918134776,-1.0213329872838801,522.6955357142857,0.0
MA,2022,3,9.150579413634196,-2.130761760742407,3.526383074920736,444.05625000000003,0.0
MA,2022,4,14.254097238512262,2.8148230738655613,8.534460156188912,282.6303571428571,0.0
MA,2022,5,21.064049319727893,9.54957702435813,15.306813172043011,111.59017857142858,29.053571428571427
MA,2022,6,24.685456770241252,12.662321913513415,18.67012704289644,25.170535714285712,44.675000000000004
MA,2022,7,29.514281421705274,16.972713959409383,23.246309659638438,0.6946428571428573,160.12589285714284
MA,2022,8,29.456372238199183,17.51738445077573,23.48356649900554,0.6946428571428571,164.01964285714286
MA,2022,9,22.77917581396892,11.720414987311539,17.250225896070724,52.86727272727273,29.55727272727273
MA,2022,10,17.210139386698525,6.298725133223341,11.752904494947506,187.8935185185185,0.6583333333333333
MA,2022,11,13.074243623553969,1.580734189182465,7.320076890967696,317.0953703703704,3.6712962962962963
MA,2022,12,5.972642806126616,-3.714122842286625,1.1330509872110004,506.11388888888894,0.0
MA,2023,1,5.955595108679227,-1.9261358243707345,2.0160934443801177,480.562037037037,0.0
MA,2023,2,5.739048973838829,-5.223314363619919,0.2608614677503566,489.5166666666667,0.0
MA,2023,3,8.15108496016542,-1.5808566684399736,3.2866570580949945,447.86481481481485,0.0
MA,2023,4,15.798003605732015,4.0364199649245025,9.90437491083621,234.76181818181817,4.665454545454546
MA,2023,5,20.50523936060644,5.625451149043824,13.088184760997969,140.44074074074075,6.007407407407407
MA,2023,6,23.36036686330556,12.965008694921137,18.162971107855657,45.614814814814814,50.351851851851855
MA,2023,7,28.49825617569305,18.382084447847294,23.44017031177017,0.31181818181818177,164.6909090909091
MA,2023,8,25.71119204681941,15.446512406812788,20.576315453244842,4.01,80.3409090909091
MA,2023,9,23.402194834681424,13.710596175677594,18.558104743153113,50.14722222222222,63.04259259259259
MA,2023,10,18.731949040912983,8.264182273338884,13.504595687886765,145.10188679245283,7.938679245283019
MA,2023,11,9.459554046582348,-1.3076944143029372,4.075707297681953,411.0207547169811,0.0
MA,2023,12,7.721223449612855,-0.6673155182907634,3.5538662931248246,436.6358490566038,0.0
MA,2024,1,2.9937184853260366,-4.731910705253624,-0.8991090104894752,572.6292452830188,0.0
MA,2024,2,5.387649594284291,-4.514649648547708,0.43232467438332195,494.7962962962963,0.0
MA,2024,3,9.277722298296908,0.1452823639383585,4.712657400984134,401.19351851851854,0.0
MA,2024,4,13.991177309493402,2.8288017386508764,8.413358561670343,281.45,0.06666666666666655
MA,2024,5,20.45043488821153,9.787457692289172,15.120373586011072,106.62727272727273,20.008181818181818
MA,2024,6,26.531720019061396,14.542996913686569,20.54380516131378,10.379090909090909,85.6590909090909
MA,2024,7,28.903417044908043,18.497451097842646,23.699989520725566,0.3236363636363636,173.29454545454547
MA,2024,8,26.551562514719247,15.57795554464075,21.065367035467315,7.744545454545455,101.80909090909091
MA,2024,9,23.17230127216334,11.641859663963112,17.406648574414092,38.92181818181818,21.994545454545456
MA,2024,10,18.13476900981851,5.004203691130276,11.576204876108935,197.4690909090909,0.6281818181818185
MA,2024,11,13.081969696969697,1.5785172413793103,7.330021943573668,320.1881818181818,1.6145454545454547
MA,2024,12,4.619071057974284,-4.9528200783684655,-0.16822446132123553,559.2863636363636,0.0
ME,2014,1,-3.5323177411923123,-14.535902139972546,-9.028327167017965,823.5232394366197,0.0
ME,2014,2,-1.9230247381726255,-14.33668137965321,-8.129853058912918,711.3316901408451,0.0
ME,2014,3,-0.010682964160334306,-13.25450625728923,-6.6349700461329295,744.8866197183098,0.0
ME,2014,4,10.427845494016733,-1.5205273747749657,4.4536590596208825,398.7239436619719,0.0
ME,2014,5,17.309227402067414,5.80619038708003,11.55770889457372,199.23591549295776,0.5274647887323944
ME,2014,6,23.15867921651419,10.61759002788855,16.886056449553,56.12428571428571,22.906428571428574
ME,2014,7,26.00814074653563,14.326960878387464,20.167550812461545,9.702857142857143,76.30857142857144
ME,2014,8,24.479455185935006,12.471953429007463,18.477046769357173,21.31857142857143,36.05285714285715
ME,2014,9,20.822190658638934,7.613630176975005,14.21791041780697,133.12071428571429,20.110714285714284
ME,2014,10,14.66964269682875,4.893677615109496,9.781363688995237,253.92142857142858,1.2099999999999997
ME,2014,11,5.266528209259412,-3.8319840872021325,0.7182721191715553,506.4835714285714,0.0
ME,2014,12,1.4098142904993995,-6.36034456339967,-2.4759541139568464,621.7835714285715,0.0
ME,2015,1,-4.106023919245118,-16.743622558700903,-10.424823238973008,872.015,0.0
ME,2015,2,-7.698397707231042,-20.613912636477856,-14.153738931358497,883.7326086956522,0.0
ME,2015,3,1.485199623616645,-11.640977902281282,-5.0771070303867925,699.8115942028985,0.0
ME,2015,4,10.038766120602702,-2.057370631940847,3.9906977443309275,413.7478260869565,0.0
ME,2015,5,20.903113765947893,6.53804398836724,13.721375841320812,141.86985294117648,15.530882352941175
ME,2015,6,20.201670694721592,9.522653359538264,14.866222972403559,102.79552238805971,9.879850746268657
ME,2015,7,24.82890669589409,13.1759028550241,19.00266130904896,20.96439393939394,51.78484848484849
ME,2015,8,25.851858032895297,14.388542488286648,20.120200260590973,7.418181818181819,72.68484848484849
ME,2015,9,23.809233856820065,10.589906764159638,17.201086332781735,64.47878787878788,40.64242424242424
ME,2015,10,12.875784906096968,1.0244722363329188,6.950128571214943,338.9977272727273,0.0
ME,2015,11,8.636300519403967,-1.4331999014645191,3.6070262641739403,424.09015151515155,0.0
ME,2015,12,4.057315142526488,-3.5346255660048764,0.2593539117538005,540.6954545454546,0.0
ME,2016,1,-0.8334630741619989,-10.948575902393108,-5.891019488277553,729.6681818181818,0.0
ME,2016,2,1.256663260111536,-10.93086066232618,-4.835761101924895,651.6053030303029,0.0
ME,2016,3,4.817695991198958,-5.859573325197166,-0.5209386669991045,564.209090909091,0.0
ME,2016,4,10.444517288267289,-2.6534188034188033,3.9038961038961038,412.2636363636364,0.0
ME,2016,5,18.333667302293556,5.904516314423433,12.124807665082415,185.68257575757573,5.054545454545455
ME,2016,6,22.707401950539882,10.090303950838432,16.398833109419314,65.13030303030304,18.866666666666667
ME,2016,7,26.145475899774052,14.182956736156232,20.164216317965142,17.97923076923077,83.57692307692308
ME,2016,8,26.4415007811782,13.626580681365628,20.03404073127191,9.403030303030304,70.47803030303031
ME,2016,9,22.16364012203535,9.553092556426774,15.85836633923106,88.32230769230769,24.356923076923078
ME,2016,10,14.380519865377487,3.3600607797838054,8.870290322580646,281.55,0.023076923076923023
ME,2016,11,8.079748276414943,-0.9660249318582652,3.556861672278339,425.7257575757576,0.0
ME,2016,12,-0.1980621965238024,-10.53230129630901,-5.366779986885615,705.3181818181819,0.0
ME,2017,1,0.0074293477788240055,-9.663463325883429,-4.838431582750477,671.9350746268657,0.0
ME,2017,2,0.3361578778519955,-11.191068232421173,-5.427455177284589,613.9738461538462,0.0
ME,2017,3,0.9329140301902399,-9.954684039265693,-4.510885004537727,681.20234375,0.0
ME,2017,4,11.759809833664898,1.0087357473106395,6.37577850998379,338.48203125,0.19843750000000016
ME,2017,5,16.35360167456969,5.71658996956952,11.035095822069605,218.98769230769233,6.468461538461537
ME,2017,6,22.862975088874517,10.853996421522282,16.858972768185414,66.48939393939395,32.290151515151514
ME,2017,7,25.207213256763602,13.24953104599076,19.228293781471223,18.62878787878788,55.665909090909096
ME,2017,8,24.596776837433755,11.817592608765377,18.208363754795837,35.49166666666667,41.45454545454545
ME,2017,9,23.03204980842912,10.83672936259143,16.934389585510274,62.29621212121212,29.993181818181817
ME,2017,10,17.961998268868868,5.661229362105521,11.811613815487194,187.92537313432837,1.0089552238805974
ME,2017,11,6.479603447961656,-4.062878039594457,1.207239352687114,490.2343283582089,0.0
ME,2017,12,-2.8727609891376846,-12.522108592077421,-7.699728516781876,778.1059701492537,0.0
ME,2018,1,-3.2531604484155845,-13.949632953398266,-8.601945707818972,804.6261194029851,0.0
ME,2018,2,1.708792389202837,-10.283247888098634,-4.287227749447899,605.4544776119402,0.0
ME,2018,3,3.696512291810266,-5.577010277362352,-0.9371727760634627,574.9416666666667,0.0
ME,2018,4,8.88420091659927,-2.008911354557263,3.4401510305614784,430.66641791044776,0.0
ME,2018,5,20.30548450754753,5.3813727529170885,12.844090538084352,161.92537313432837,4.981343283582089
ME,2018,6,22.45441535480779,9.206931719135786,15.828554820210766,84.3223880597015,19.925373134328357
ME,2018,7,27.324068649770002,14.835100346871677,21.08085645841285,7.215671641791045,99.30373134328359
ME,2018,8,26.629416382222793,15.05267207597904,20.84281316989933,8.61590909090909,94.0909090909091
ME,2018,9,21.601326247225842,9.29204680410867,15.443108437089167,102.32727272727273,27.01212121212121
ME,2018,10,11.106891948155388,1.9798116111873225,6.543351779671356,343.5969696969697,0.9522727272727274
ME,2018,11,3.0642019944295806,-4.611414292731534,-0.7736061491509767,547.2276923076923,0.0
ME,2018,12,-0.11268055410749907,-10.680621056362993,-5.389013442597882,706.9346153846154,0.0
ME,2019,1,-3.140232737970224,-14.434089840452467,-8.787161289211346,811.3007692307692,0.0
ME,2019,2,-1.9456537835383987,-13.468950486835103,-7.701447434332049,702.6576923076923,0.0
ME,2019,3,2.8782614264862514,-9.884630574231519,-3.504474166632815,637.2553846153846,0.0
ME,2019,4,9.735068373028223,-0.390777273872512,4.672145549577856,390.9714285714286,0.0
ME,2019,5,15.235890558449373,4.379265720625167,9.807578139537272,250.93095238095236,0.4349206349206349
ME,2019,6,22.310598380292443,9.917354966402154,16.11352055220152,68.37063492063493,12.28888888888889
ME,2019,7,27.564805169694548,14.506926313479552,21.035418154320773,4.617460317460318,96.90793650793651
ME,2019,8,25.195181912883804,12.701042998000915,18.94811245544236,18.876984126984127,46.871428571428574
ME,2019,9,20.180167710929116,7.848604937893865,14.01438632441149,124.73492063492064,6.276190476190477
ME,2019,10,13.726353079210583,3.3589302538430874,8.543816923561467,285.7546875,0.04921874999999998
ME,2019,11,4.245137915245674,-4.87228419658646,-0.31965835977958823,534.31328125,0.0
ME,2019,12,0.33246560200905484,-9.031548219086021,-4.348963594722694,668.7,0.0
ME,2020,1,-0.5431168166191207,-10.055811571940604,-5.299464194279862,704.8634920634921,0.0
ME,2020,2,0.5145737327188941,-11.797064595582393,-5.6412454314317495,679.4483870967742,0.0
ME,2020,3,5.384469310785853,-5.933483279672696,-0.27450698444342175,551.4595238095237,0.0
ME,2020,4,9.39187586614041,-1.4062653158325908,3.9862104149876214,409.6380952380953,0.0
ME,2020,5,18.19580964983255,4.704599221910437,11.448506699305604,219.10555555555555,18.47142857142857
ME,2020,6,24.01311858076564,10.870767195767195,17.437516534391534,60.19206349206349,49.12301587301587
ME,2020,7,26.616188177835024,15.623011057119259,21.119599617477142,8.645238095238096,103.22777777777779
ME,2020,8,25.80611025772316,13.33974227683905,19.56889674904106,26.04047619047619,73.68015873015874
ME,2020,9,21.433377764899063,8.022322898508062,14.726177996102656,112.61984126984127,14.754761904761905
ME,2020,10,13.212492068457898,2.6105634817423446,7.910394196668749,299.37890625,0.014843749999999989
ME,2020,11,8.87928740844997,-1.7975447650324499,3.5408713217087597,423.4277777777778,0.005555555555555578
ME,2020,12,2.007421191094161,-6.1361019161011745,-2.028467346630491,600.7063492063492,0.0
ME,2021,1,-0.9449909673872808,-9.139555994440787,-5.042921202368207,699.484126984127,0.0
ME,2021,2,-1.3593441915560254,-12.444118358485799,-6.901731275020912,678.2492063492062,0.0
ME,2021,3,5.74614375096118,-7.050855573749224,-0.6523559113940214,565.25,0.0
ME,2021,4,13.056345386961151,0.6580200432663487,6.822943139653936,324.15000000000003,0.0
ME,2021,5,18.8806105745557,5.547301678852785,12.21183068013435,187.49285714285713,8.871428571428572
ME,2021,6,25.556655531518697,12.562613488988614,19.054872795665077,38.21031746031746,69.93095238095238
ME,2021,7,23.539757666888455,13.301318969482184,18.39810753283183,30.700000000000003,43.7468253968254
ME,2021,8,26.23731321850758,15.26838043039475,20.747457067217358,12.070634920634921,95.84126984126983
ME,2021,9,21.57724106151165,10.354268479231894,15.965754770371772,71.28412698412698,11.211904761904762
ME,2021,10,15.759346246740176,5.6726755776255215,10.71946613512083,222.06507936507938,0.3484126984126987
ME,2021,11,7.850035282812108,-2.464637181912949,2.6633446645913628,439.62142857142857,0.0
ME,2021,12,1.4112917187364105,-7.918273539424422,-3.251370993081999,635.1547619047619,0.0
ME,2022,1,-4.205908170306808,-16.631542169043648,-10.395037829317628,839.121875,0.0
ME,2022,2,0.5116824553370606,-12.878909432824729,-6.167197938148596,651.18125,0.0
ME,2022,3,4.479748305790712,-6.39546050830037,-0.9527748554948764,566.1698412698412,0.0
ME,2022,4,11.071483096556504,0.13999889702149917,5.605971630352969,360.55079365079365,0.0
ME,2022,5,20.280909795632503,6.040174267704857,13.16054203166868,161.37063492063493,12.573809523809523
ME,2022,6,22.403561201258782,10.264909959985992,16.33508943940728,69.26031746031745,19.103968253968258
ME,2022,7,27.569684176345007,14.14130829391829,20.856046670359504,7.917460317460318,94.38015873015873
ME,2022,8,26.26543899873631,14.943697704764764,20.604617848251646,8.946825396825398,89.39206349206349
ME,2022,9,20.36621087388356,9.191868804272536,14.781463277504079,107.38730158730158,12.963492063492064
ME,2022,10,16.400533595209563,3.6189053707796757,10.00865839121123,241.8468253968254,0.030158730158730135
ME,2022,11,9.531179050729644,-1.3816398153382325,4.101463606766744,411.3016393442623,0.6245901639344263
ME,2022,12,2.428424587472072,-6.082860729981009,-1.829553422616334,593.3049180327869,0.0
ME,2023,1,1.1959521829702358,-7.440720431072352,-3.123820075186903,626.4499999999999,0.0
ME,2023,2,-0.3048308895458018,-12.66323753650508,-6.505434675988403,661.0591666666667,0.0
ME,2023,3,4.853236290322581,-5.300127598566308,-0.22297898745519715,548.7766666666666,0.0
ME,2023,4,11.784924142433768,0.5308998424627734,6.154539387084286,343.0325,0.04500000000000005
ME,2023,5,18.680275947913646,4.5429845042761245,11.614042302085197,197.99416666666667,3.694166666666667
ME,2023,6,21.010806211906154,11.155475995658346,16.083122943975955,80.3322033898305,24.56864406779661
ME,2023,7,26.83529636207697,16.763200590704614,21.797904820804007,1.7500000000000002,116.88728813559322
ME,2023,8,23.50040166140901,13.055712221718943,18.282366382168174,21.6625,31.266666666666666
ME,2023,9,22.391853701825557,11.281001149425288,16.843530359199875,68.69583333333334,35.29083333333333
ME,2023,10,16.416015105572068,6.552424437730192,11.502285451815567,195.875,2.049166666666667
ME,2023,11,5.55991642902094,-4.253961004616739,0.6503604434555209,500.02166666666665,0.0
ME,2023,12,3.216791725923491,-5.313211883661665,-1.0484565579563545,560.2155737704918,0.0
ME,2024,1,-1.1244715358696467,-9.95523817218291,-5.54590322230896,717.0827868852459,0.0
ME,2024,2,1.9364084506336423,-9.43651824045504,-3.7476452943559377,605.1161290322581,0.0
ME,2024,3,5.376062600639281,-3.6130838699063923,0.8814893653664443,506.1733870967742,0.0
ME,2024,4,11.47668476948768,-0.30044072144271194,5.615923527456634,353.22258064516126,0.0
ME,2024,5,19.40471339385527,7.482789044436081,13.444891374874263,143.9282258064516,8.864516129032259
ME,2024,6,24.49829803214953,12.414674458991756,18.454877187683778,33.09435483870968,46.15967741935484
ME,2024,7,27.440777753341543,15.979367070009124,21.70915843318071,2.1967741935483875,113.04435483870968
ME,2024,8,24.833968206472637,13.874471116907742,19.353987039905842,16.28174603174603,57.50238095238095
ME,2024,9,22.16460737743373,9.494524862946456,15.840979049559373,73.05317460317461,12.587301587301587
ME,2024,10,15.241341198725609,3.397452350446214,9.319467762240231,258.975,0.010000000000000024
ME,2024,11,9.231894266631972,-0.16606220296045057,4.5332488133372815,395.19426229508196,0.2106557377049181
ME,2024,12,0.7118128841380542,-9.058279368200136,-4.170266082319365,676.2704918032787,0.0
NH,2014,1,-2.545359430728559,-13.729506378429654,-8.129400840294506,780.6326923076923,0.0
NH,2014,2,-1.2326027909805743,-13.562811750777339,-7.406351193462783,665.3634615384616,0.0
NH,2014,3,1.3344999921904817,-12.35026176824846,-5.518340828914731,695.6240384615384,0.0
NH,2014,4,12.437632381715009,-0.9059090952612165,5.765500280822337,348.74528301886795,0.08396226415094332
NH,2014,5,18.70716054752277,6.288047252256558,12.493012739900575,165.04905660377358,2.818867924528302
NH,2014,6,24.182675617594292,10.992008219256105,17.586874712674973,45.98962264150943,34.54622641509434
NH,2014,7,26.696235261012898,14.325381077973896,20.510348399378454,12.721698113207546,89.6745283018868
NH,2014,8,24.46058944488756,11.962847885429381,18.211775072140163,30.355555555555558,37.09166666666667
NH,2014,9,21.702362429715876,8.166218763994625,14.93125217694183,114.17909090909092,25.884545454545457
NH,2014,10,15.302067549743363,5.162616798615219,10.232455203415542,233.57685185185184,2.8870370370370364
NH,2014,11,6.58769282866984,-3.2211118271800867,1.6926867748801355,461.0805555555556,0.0
NH,2014,12,2.3065340368551914,-5.343618278591779,-1.5247711205565881,564.0858490566037,0.0
NH,2015,1,-2.998598394825571,-15.70099004211451,-9.35097553715136,777.4273584905661,0.0
NH,2015,2,-6.069376675001029,-19.913012078125597,-12.990436800805739,816.8911764705882,0.0
NH,2015,3,2.5657314294111258,-10.673229546198092,-4.058904869376881,654.7919999999999,0.0
NH,2015,4,11.538479426361096,-0.996835353011578,5.267160300263023,362.912,0.0
NH,2015,5,23.350364492941644,7.299267100558417,15.318161486405204,107.98899999999999,27.987000000000002
NH,2015,6,21.95982526425099,10.200210006032615,16.078271375194856,76.415,22.642000000000003
NH,2015,7,26.392919823647933,13.575118215626487,19.97534988135371,18.211224489795917,76.44285714285714
NH,2015,8,26.766067446691594,13.942300879277077,20.3450397779576,11.814705882352941,81.42058823529412
NH,2015,9,24.984114757625676,10.429282752075379,17.707777814679588,55.845098039215685,47.11176470588235
NH,2015,10,14.591832165343101,1.2848250515083328,7.938328608425718,294.4235294117647,0.0009803921568626894
NH,2015,11,10.947641327373606,-1.5003210647274496,4.723660131323078,365.26372549019607,0.028431372549019732
NH,2015,12,6.302423495241627,-2.183776489309109,2.059323502966259,461.82300000000004,0.0
NH,2016,1,0.28508743898121275,-10.012391559758472,-4.863652060388628,653.712,0.0
NH,2016,2,3.0103722252303684,-9.53551033618875,-3.2671959939738864,585.6163265306122,0.0
NH,2016,3,8.067950195463583,-3.6998364229717438,2.1868051468404803,457.4470588235294,0.029411764705882353
NH,2016,4,12.163778284298468,-2.2811606246909837,4.932516862139484,365.17352941176466,0.20980392156862765
NH,2016,5,19.571872125607896,6.318239812053854,12.951271403722778,164.01960784313727,16.690196078431374
NH,2016,6,24.7434877478843,10.453292773637601,17.598634513634515,47.2,35.69230769230769
NH,2016,7,27.762880101330282,14.124276929917848,20.94357851562406,15.103846153846153,102.56634615384615
NH,2016,8,27.382575178039193,13.933872374438518,20.658243539084705,11.879090909090909,91.04454545454546
NH,2016,9,23.344959122601786,9.542126956302601,16.443469553267594,75.15555555555555,30.30740740740741
NH,2016,10,15.034746069895412,3.4449439606369117,9.239845015266162,252.89722222222224,0.12407407407407393
NH,2016,11,8.713115264330593,-1.550138998533395,3.581866626687419,398.40982142857143,0.0
NH,2016,12,1.267325925677317,-9.032273478094533,-3.874243629918117,618.6181034482759,0.0
NH,2017,1,1.4476137270814888,-8.187834091923754,-3.3701101824211332,636.3366071428571,0.0
NH,2017,2,2.688008057894023,-8.543591153810452,-2.9250949917528866,552.6140350877193,0.0
NH,2017,3,2.053502495769912,-9.000501283924416,-3.4750823098843058,621.5982758620689,0.0
NH,2017,4,13.702353285771162,1.778932655926989,7.750613731082994,285.14473684210526,3.1552631578947374
NH,2017,5,16.919278863202617,5.861824944036087,11.390551903619352,210.6718181818182,10.790909090909091
NH,2017,6,23.87325060426628,11.091380893575252,17.482315748920765,61.45909090909091,47.30363636363636
NH,2017,7,25.864310059610393,13.66837116950669,19.76634061455854,21.662037037037038,75.59074074074074
NH,2017,8,25.140208483721104,11.7991608698339,18.4696846767775,36.885185185185186,51.15648148148148
NH,2017,9,23.558621843602687,11.076239784055876,17.317430813829283,61.99166666666667,41.6675925925926
NH,2017,10,18.968911934618944,5.764132422575863,12.364128224814563,172.32222222222222,4.452777777777778
NH,2017,11,7.3039506172839515,-3.4724765857811835,1.9157370157513836,466.2648148148148,0.0
NH,2017,12,-1.8134213305693418,-10.897034405989354,-6.355227868279348,723.9767857142857,0.0
NH,2018,1,-1.812749729337174,-12.572031947985353,-7.194928920630381,750.8681818181818,0.0
NH,2018,2,3.2721690716690714,-8.520348484848485,-2.622704425204425,556.6445454545454,0.0
NH,2018,3,4.400098975990396,-5.633558931070914,-0.6167299775402592,549.9300000000001,0.0
NH,2018,4,9.197831600072979,-1.808355265158426,3.692399113896959,413.24074074074076,0.08796296296296297
NH,2018,5,21.957455696045486,6.875368897554195,14.417809887659798,119.88981481481481,13.682407407407409
NH,2018,6,23.68519721332669,10.066312389627289,16.875754801476987,64.99905660377358,31.504716981132077
NH,2018,7,28.37838703880822,14.706662435150568,21.54252473697939,10.200943396226414,118.52641509433961
NH,2018,8,26.84559998038063,15.49937326852269,21.170202472555324,11.34056603773585,107.52452830188679
NH,2018,9,22.31481565016702,11.168154660461273,16.741485155314145,78.80660377358491,41.58396226415094
NH,2018,10,12.109357448816342,2.914417783583779,7.51188761620006,314.27924528301884,2.9499999999999997
NH,2018,11,3.9316002330218907,-4.011994801819363,-0.039353308238668214,515.4564814814815,0.0
NH,2018,12,1.3169874219217934,-8.87371290901658,-3.770547494280531,642.3163636363637,0.0
NH,2019,1,-1.903853036748198,-12.86595052528117,-7.384901781014683,760.7190909090909,0.0
NH,2019,2,-0.26232700632700634,-11.536144485144485,-5.8975610315610325,646.7936363636364,0.0
NH,2019,3,3.9792059725700373,-8.88239076295904,-2.4543450833665448,610.2545454545455,0.0
NH,2019,4,11.469278272925331,0.039199388846447664,5.755548354695414,336.9218181818182,0.5154545454545455
NH,2019,5,16.379466884159484,5.400234741190673,10.892261610998,217.8221153846154,3.021153846153846
NH,2019,6,23.529201349272373,10.45569713061405,16.992449239943213,57.617924528301884,26.05188679245283
NH,2019,7,28.380856465032803,14.863902080248126,21.62223210595039,6.967924528301887,117.14245283018869
NH,2019,8,26.21220937309799,12.398740689215431,19.304907979016317,23.22358490566038,62.70660377358491
NH,2019,9,21.553737782452618,7.804326193684187,14.679031988068404,105.53396226415094,10.898113207547171
NH,2019,10,14.68612234503967,3.650805314437288,9.16846382973848,263.60188679245283,0.17547169811320762
NH,2019,11,4.957181109764292,-4.73732437386652,0.10265718872368401,500.8111111111111,0.0
NH,2019,12,0.9733255835747493,-8.584729913764397,-3.8057021650948233,623.6290909090909,0.0
NH,2020,1,1.5131352649199112,-8.59560756491763,-3.5407217526329835,630.775,0.0
NH,2020,2,1.7503828571457953,-9.532523761267514,-3.8883747338558825,601.1574074074074,0.0
NH,2020,3,7.235293589234051,-4.276361431141579,1.4794660790462362,483.61574074074076,0.0
NH,2020,4,10.013359238252896,-1.0630364806853485,4.474215231487052,371.72314814814814,0.0
NH,2020,5,19.14449826890341,5.376766720778041,12.260632494840724,185.96764705882353,22.15686274509804
NH,2020,6,25.31313597468942,11.188435478123408,18.248980883101574,53.964,61.068999999999996
NH,2020,7,28.25191317219802,16.24575651355464,22.248876222186674,5.569,132.91899999999998
NH,2020,8,26.58193934479947,13.30956795402521,19.94575364941234,24.51372549019608,81.60588235294117
NH,2020,9,22.542603197488145,8.140345875353661,15.340386301126786,97.57352941176471,22.508823529411767
NH,2020,10,14.511097195572304,3.211994609039061,8.86709993823807,266.4058823529412,0.07058823529411767
NH,2020,11,9.877758080938653,-1.9586380078572445,3.96002675373156,388.20096153846157,0.04615384615384626
NH,2020,12,2.4705287410545553,-6.670312208752115,-2.097653543147475,582.1845454545455,0.0
NH,2021,1,-0.5781760017668646,-8.891313227311066,-4.7290978075447905,657.9827272727273,0.0
NH,2021,2,-1.0632524112844968,-11.450600139412975,-6.247048997744185,631.5836363636363,0.0
NH,2021,3,7.278068408095289,-6.5905852000117235,0.35298943738459865,527.0083333333333,0.0
NH,2021,4,13.094568892215282,0.6313053505628327,6.864074618678148,318.79528301886796,0.0
NH,2021,5,19.377446559273977,6.048336738902134,12.706140393268404,169.21698113207546,15.043396226415096
NH,2021,6,26.007108079691555,12.651952908484349,19.329558124503514,42.597115384615385,81.04230769230769
NH,2021,7,23.976651892540353,14.057649711157008,19.01835550117166,29.71666666666667,59.31481481481482
NH,2021,8,26.39123749328375,15.402762339506708,20.898404398502695,16.074528301886794,103.42735849056604
NH,2021,9,22.052403921110816,10.348247080585443,16.200615067603216,69.47211538461539,16.84326923076923
NH,2021,10,16.32683692963897,6.201447880414709,11.264571339300112,202.74716981132076,0.6603773584905663
NH,2021,11,8.133899099978313,-3.1538255084225515,2.4794644615378507,447.69716981132075,0.0
NH,2021,12,3.0809066376160072,-6.037813748306688,-1.475834682282919,569.0272727272727,0.0
NH,2022,1,-2.9952390475502595,-15.530458676628031,-9.270680287235862,778.0883928571428,0.0
NH,2022,2,2.01173931515108,-11.15710662801251,-4.585236618283677,584.5881818181817,0.0
NH,2022,3,5.808222771003755,-5.856075852742383,-0.02074936988542743,524.51,0.0
NH,2022,4,12.0777801011937,0.3276710337949782,6.203009285174283,338.522641509434,0.0
NH,2022,5,21.2295501253547,7.078225214005261,14.15469345802837,135.84716981132075,24.46320754716981
NH,2022,6,23.300820527644674,10.611703676484197,16.956262102064436,57.236111111111114,26.72962962962963
NH,2022,7,27.76082640192676,13.859823484604249,20.810459351867653,15.503703703703705,100.54444444444444
NH,2022,8,27.80784925518642,15.080542433712624,21.44419584444952,11.98703703703704,117.16851851851852
NH,2022,9,20.673847238521166,9.346318892478667,15.022405722965996,99.92358490566038,15.011320754716982
NH,2022,10,16.196501663410263,2.8468791179947095,9.521690390702487,250.22037037037038,0.027777777777777648
NH,2022,11,10.614067116991391,-1.5796372421402,4.539005070672864,383.4,1.3759259259259256
NH,2022,12,2.9321529247555103,-6.669955593900091,-1.8607634556303911,575.1080357142857,0.0
NH,2023,1,2.406345968615477,-5.346120865059038,-1.4648425292347356,572.4901785714286,0.0
NH,2023,2,1.8242649281934997,-10.102638888888889,-4.14318499622071,602.1357142857142,0.0
NH,2023,3,5.1632271410210135,-4.651782832172299,0.2638898569823437,516.7383928571428,0.0
NH,2023,4,13.205597205861354,0.9347233962158531,7.0406130299298395,297.6267857142857,1.5383928571428576
NH,2023,5,19.249418173743862,4.190492591878486,11.715893856472377,177.13482142857143,3.361607142857143
NH,2023,6,22.263275561886672,11.459215647060475,16.86880812029145,66.63888888888889,34.449999999999996
NH,2023,7,27.294998763962663,16.22495468856828,21.760053617010232,7.155555555555555,118.10740740740741
NH,2023,8,24.082462978876315,12.810119727754476,18.445397212600852,27.677777777777777,40.45925925925926
NH,2023,9,22.376125234828063,11.166328575512537,16.75260563636645,78.22169811320755,43.638679245283015
NH,2023,10,16.754060524837307,5.94120212790861,11.347631326372959,202.87358490566035,3.677358490566038
NH,2023,11,5.897622773930022,-4.305600339296665,0.7965282034576295,495.8543859649123,0.0
NH,2023,12,4.244856252203233,-3.980142931365746,0.1443008110988458,524.4594827586208,0.0
NH,2024,1,-0.47591977684282105,-8.168057557800426,-4.325882751353054,666.3033898305085,0.0
NH,2024,2,2.8143888288155057,-8.841487017919057,-3.0157392877925244,581.8025423728814,0.0
NH,2024,3,6.3897042952781185,-3.601902353579031,1.3834978300826277,491.7025423728814,0.0
NH,2024,4,12.073902643763278,-0.05224616441899787,6.008603200839758,342.55086206896556,0.0
NH,2024,5,19.837359970767405,8.005513178450252,13.929551467087416,129.7913793103448,14.554310344827588
NH,2024,6,25.247704975774898,12.569868797597087,18.91642705947144,33.97222222222222,61.68703703703704
NH,2024,7,28.260085651575217,16.044834007677146,22.152459829626178,6.44537037037037,133.89074074074074
NH,2024,8,24.70733090434687,13.51275200619517,19.110708338810383,25.637735849056604,61.0377358490566
NH,2024,9,22.441899038875288,9.012160385913926,15.724984386456816,75.91698113207546,12.166037735849056
NH,2024,10,15.891141750459546,2.6334795181626514,9.264625149969536,260.73148148148147,0.06574074074074082
NH,2024,11,10.001140331675854,-0.9627656615085272,4.533113279581101,362.5370689655173,0.3827586206896553
NH,2024,12,0.9647477332440851,-8.530542370870773,-3.7917327999318227,600.7059322033898,0.0
RI,2014,1,1.7344086021505376,-8.4168458781362,-3.3412186379928315,661.5777777777778,0.0
RI,2014,2,2.2916666666666665,-7.515241034685478,-2.593467078189301,574.3055555555555,0.0
RI,2014,3,6.08673835125448,-4.9275985663082436,0.5795698924731183,540.0333333333333,0.0
RI,2014,4,13.527777777777779,2.876666666666667,8.202222222222224,294.06666666666666,0.13333333333333325
RI,2014,5,19.796774193548387,8.63978494623656,14.218279569892474,121.42222222222222,4.188888888888889
RI,2014,6,24.635555555555555,12.911851851851852,18.773703703703703,17.299999999999997,40.511111111111106
RI,2014,7,26.88224474381686,17.39009425195805,22.13619504067162,0.08888888888888896,125.4388888888889
RI,2014,8,25.983870967741936,14.50179211469534,20.24283154121864,4.827777777777779,74.35555555555555
RI,2014,9,23.727777777777778,12.113333333333335,17.920555555555556,50.72222222222222,48.33888888888888
RI,2014,10,17.674551971326164,7.931541218637993,12.803046594982078,167.56666666666666,6.461111111111112
RI,2014,11,10.196296296296296,0.1662962962962962,5.1812962962962965,384.56111111111113,0.0
RI,2014,12,6.69663338453661,-1.0233870967741936,2.836623143881208,464.94444444444446,0.0
RI,2015,1,1.2275985663082436,-8.261648745519715,-3.5170250896057347,667.0277777777778,0.0
RI,2015,2,-1.8499999999999999,-13.72777777777778,-7.788888888888888,722.088888888889,0.0
RI,2015,3,5.125913978494624,-5.338363201911589,-0.10622461170848269,559.2111111111112,0.0
RI,2015,4,14.155185185185184,2.553703703703704,8.354444444444445,289.3666666666667,0.0
RI,2015,5,22.29247311827957,9.473476702508961,15.882974910394264,86.83333333333333,21.20555555555556
RI,2015,6,23.113333333333333,12.862592592592593,17.987962962962964,49.32222222222222,48.961111111111116
RI,2015,7,27.758422939068097,17.067025089605735,22.412724014336916,0.35555555555555585,137.14999999999998
RI,2015,8,28.031080389144904,17.046629117596858,22.53885475337088,0.3000000000000003,134.98333333333332
RI,2015,9,25.887777777777778,13.767407407407408,19.827592592592595,19.038888888888888,73.76111111111112
RI,2015,10,16.750979689366787,5.8697968936678615,11.310388291517324,206.71666666666667,0.11111111111111151
RI,2015,11,13.399938879766466,3.1299835796387523,8.26496122970261,289.2444444444444,0.20000000000000007
RI,2015,12,11.85979689366786,3.0724133811230585,7.466105137395459,325.47222222222223,0.0
RI,2016,1,4.285702907208283,-5.111721757599893,-0.41300942519580514,562.8222222222222,0.0
RI,2016,2,6.062068965517241,-4.8053639846743295,0.6283524904214559,503.77777777777777,0.0
RI,2016,3,11.113620071684588,0.792831541218638,5.953225806451613,373.4888888888889,0.03888888888888905
RI,2016,4,13.544074074074073,2.254814814814815,7.899444444444445,303.1222222222222,0.10555555555555508
RI,2016,5,20.070220409508508,8.63142092036419,14.35082066493635,131.38333333333333,19.438888888888886
RI,2016,6,25.337037037037035,13.302592592592593,19.319814814814816,13.738888888888889,53.333333333333336
RI,2016,7,28.98530465949821,17.623655913978496,23.304480286738354,0.6388888888888898,165.07777777777778
RI,2016,8,29.1705069124424,17.57248694316436,23.377819508448543,0.3949999999999999,152.76
RI,2016,9,24.253,14.100071428571429,19.176535714285713,33.25,68.235
RI,2016,10,18.149677419354838,6.924838709677419,12.537258064516129,175.62,6.275
RI,2016,11,12.598666666666666,1.7296666666666667,7.164166666666667,325.075,0.0
RI,2016,12,5.929731182795699,-3.5049283154121866,1.2124014336917563,498.525,0.0
RI,2017,1,5.118432703003338,-2.9028476084538375,1.117378568780126,518.275,0.0
RI,2017,2,6.972499999999999,-3.5137830687830687,1.7388955026455026,453.66,0.0
RI,2017,3,6.225043010752688,-3.7244193548387097,1.2503118279569894,517.52,0.0
RI,2017,4,16.180333333333333,5.5473218390804595,10.861218390804598,219.28000000000003,5.8050000000000015
RI,2017,5,18.61509831029186,8.83792396313364,13.745447918321947,146.54000000000002,16.5
RI,2017,6,25.068333333333335,13.644666666666666,19.3565,31.089999999999996,71.785
RI,2017,7,26.896129032258063,16.819032258064517,21.85758064516129,6.195,125.78
RI,2017,8,26.79873035566584,15.256722084367246,21.02772622001654,4.889999999999999,96.775
RI,2017,9,24.28,14.015333333333334,19.147666666666666,27.454999999999995,61.88499999999999
RI,2017,10,20.65801075268817,9.841763440860216,15.249887096774193,101.405,17.155
RI,2017,11,11.542333333333334,0.616,6.0791666666666675,357.69,0.06500000000000021
RI,2017,12,3.1545161290322583,-5.290645161290323,-1.0680645161290323,591.11,0.0
RI,2018,1,2.374849833147942,-7.254938820912125,-2.440044493882091,629.6400000000001,0.0
RI,2018,2,8.038214285714286,-1.7696428571428573,3.1342857142857143,416.23999999999995,0.0
RI,2018,3,7.353548387096774,-1.243225806451613,3.0551612903225807,463.28999999999996,0.0
RI,2018,4,12.392666666666667,1.6323333333333334,7.0125,329.625,0.0
RI,2018,5,22.247942157953283,10.539432703003337,16.39368743047831,74.435,24.82
RI,2018,6,24.500666666666667,13.499379310344827,19.00353448275862,29.365,59.325
RI,2018,7,29.075913978494622,17.821807646356035,23.456097371565114,0.6400000000000002,166.39000000000001
RI,2018,8,29.094516129032257,19.22806451612903,24.161290322580648,0.2599999999999998,191.26
RI,2018,9,23.608666666666668,15.061333333333334,19.335,31.2,71.25
RI,2018,10,16.444118279569892,6.521967741935484,11.47186559139785,213.17,12.895
RI,2018,11,9.238666666666667,0.6990574712643678,4.944350574712644,390.28499999999997,0.08999999999999986
RI,2018,12,6.262924731182796,-2.73847311827957,1.7622258064516128,501.7,0.0
RI,2019,1,3.2241935483870967,-6.520967741935484,-1.6483870967741936,609.1,0.0
RI,2019,2,4.305,-4.443928571428572,-0.06946428571428571,505.945,0.0
RI,2019,3,7.2538193548387095,-2.8314064516129034,2.2112064516129033,478.895,0.0
RI,2019,4,15.007341269841268,4.669478835978836,9.838410052910053,241.575,0.46499999999999986
RI,2019,5,18.841290322580644,8.693548387096774,13.767419354838712,141.96,10.749999999999998
RI,2019,6,24.673000000000002,13.954666666666665,19.313833333333335,19.300000000000004,58.714999999999996
RI,2019,7,29.3228772710419,18.2752688172043,23.799073044123098,0.0,178.35555555555555
RI,2019,8,27.241577060931903,16.418279569892476,21.829928315412186,4.355555555555556,123.08333333333333
RI,2019,9,23.67074074074074,11.657407407407408,17.664074074074072,40.016666666666666,29.938888888888886
RI,2019,10,17.359498207885306,8.010394265232975,12.684946236559139,169.68333333333334,4.916666666666668
RI,2019,11,9.919144316730524,-0.9529374201787996,4.483103448275862,404.1611111111111,0.0
RI,2019,12,5.736917562724014,-3.2512544802867382,1.242831541218638,519.4722222222222,0.0
RI,2020,1,6.399283154121864,-2.8035842293906814,1.7978494623655914,502.26666666666665,0.0
RI,2020,2,6.690421455938697,-2.503831417624521,2.093295019157088,461.2944444444444,0.0
RI,2020,3,11.202150537634408,0.6487455197132616,5.925448028673835,374.31111111111113,0.0
RI,2020,4,11.841481481481482,2.002962962962963,6.922222222222222,332.3333333333333,0.0
RI,2020,5,19.676821983273598,8.016953405017922,13.846887694145758,140.73333333333332,12.966666666666667
RI,2020,6,25.894303959131545,14.494521072796935,20.19441251596424,18.25,83.76666666666667
RI,2020,7,29.21971326164875,19.266666666666666,24.243189964157708,0.16666666666666666,193.70555555555555
RI,2020,8,28.39068100358423,17.956272401433694,23.17347670250896,1.3777777777777773,161.75555555555556
RI,2020,9,23.85111111111111,12.161494252873563,18.006302681992338,46.983333333333334,47.144444444444446
RI,2020,10,17.650444526840523,7.095972891690355,12.373208709265437,175.5111111111111,2.916666666666666
RI,2020,11,14.423333333333334,2.2444444444444445,8.333888888888888,290.3777777777778,0.39444444444444454
RI,2020,12,6.479928315412186,-3.0530465949820793,1.713440860215054,504.8833333333333,0.0
RI,2021,1,3.6719235364396656,-4.816714456391876,-0.5723954599761051,573.6444444444445,0.0
RI,2021,2,3.356687242798354,-4.849485596707819,-0.7463991769547325,522.7444444444444,0.0
RI,2021,3,11.023236559139786,-1.1732688172043013,4.924983870967742,386.59499999999997,0.0
RI,2021,4,14.71485303776683,3.3711190476190476,9.04298604269294,263.245,0.0
RI,2021,5,20.115806451612904,8.218709677419355,14.167258064516128,132.45499999999998,13.64
RI,2021,6,26.087666666666667,14.937666666666667,20.512666666666668,17.535,92.91499999999999
RI,2021,7,25.929118663594473,16.943189324116744,21.436153993855605,6.709999999999999,102.32000000000001
RI,2021,8,27.26029868578256,18.197168458781363,22.72873357228196,0.8111111111111108,146.98333333333335
RI,2021,9,23.512222222222224,14.002962962962963,18.75759259259259,23.11111111111111,45.83888888888889
RI,2021,10,18.98959502327689,9.675090841675935,14.332342932476415,115.33333333333333,2.777777777777779
RI,2021,11,11.40064586754242,-0.1483807699324941,5.6261325488049625,365.4611111111111,0.0
RI,2021,12,7.719713261648745,-0.7275985663082438,3.496057347670251,449.6222222222222,0.0
RI,2022,1,2.456511350059737,-8.340764635603344,-2.9421266427718042,646.8,0.0
RI,2022,2,5.90652557319224,-5.663741916519694,0.12139182833627278,498.60555555555555,0.0
RI,2022,3,10.108501792114696,-0.9496774193548387,4.579412186379929,407.2888888888889,0.0
RI,2022,4,14.475555555555555,3.356666666666667,8.916111111111112,272.51666666666665,0.0
RI,2022,5,20.503584229390682,10.267025089605735,15.385304659498209,105.15555555555555,24.1
RI,2022,6,24.381481481481483,13.292592592592591,18.837037037037035,17.67777777777778,42.78888888888889
RI,2022,7,28.68709677419355,17.594982078853047,23.1410394265233,0.08333333333333333,159.45555555555555
RI,2022,8,28.77168458781362,18.19641577060932,23.484050179211472,0.0,170.00555555555556
RI,2022,9,22.56455938697318,12.31845466155811,17.441507024265647,45.105555555555554,28.56666666666667
RI,2022,10,17.451971326164873,6.998924731182796,12.225448028673835,180.6222222222222,1.6111111111111112
RI,2022,11,13.557435897435898,2.2432763532763533,7.900356125356126,301.2888888888889,3.061111111111112
RI,2022,12,6.263709677419355,-2.828225806451613,1.717741935483871,504.75,0.0
RI,2023,1,6.988967741935484,-0.590431141439206,3.2033548387096773,447.72499999999997,0.0
RI,2023,2,6.582445332445333,-3.906096028154852,1.371418858918859,425.76666666666665,0.0
RI,2023,3,8.991799283154121,-0.7825663082437276,4.112014635603345,419.4166666666667,0.0
RI,2023,4,15.510666666666669,4.852333333333333,10.1815,220.295,3.9500000000000006
RI,2023,5,19.645932411674345,6.914492319508449,13.2802123655914,147.575,2.9899999999999993
RI,2023,6,22.600036124794748,13.018783251231529,17.809409688013137,41.410000000000004,35.595000000000006
RI,2023,7,27.797655913978495,18.87368817204301,23.335672043010753,0.025,164.405
RI,2023,8,25.285806451612903,16.167096774193546,20.726451612903226,2.1450000000000005,86.66499999999999
RI,2023,9,23.537666666666667,14.295666666666666,18.916666666666664,40.12,62.77
RI,2023,10,18.843727598566307,8.656989247311827,13.750358422939067,137.84444444444443,6.105555555555556
RI,2023,11,10.506296296296297,-0.3888888888888889,5.058703703703704,388.2388888888889,0.0
RI,2023,12,8.75483870967742,0.1691756272401434,4.462007168458781,419.67777777777775,0.0
RI,2024,1,3.9584229390681003,-3.4770609318996417,0.2406810035842294,550.5388888888889,0.0
RI,2024,2,5.502440754931176,-3.7469419611182064,0.877749396906485,492.59999999999997,0.0
RI,2024,3,10.506093189964158,0.9949820788530466,5.750537634408602,379.73333333333335,0.0
RI,2024,4,13.70111111111111,3.5477777777777777,8.624444444444444,281.2722222222222,0.00555555555555524
RI,2024,5,19.164767025089606,9.862246117084828,14.513506571087216,115.31666666666668,7.744444444444444
RI,2024,6,25.36148148148148,14.832592592592594,20.097037037037037,10.300000000000002,73.21111111111111
RI,2024,7,27.3658064516129,18.92088410991637,23.143345280764635,0.0,158.3777777777778
RI,2024,8,25.884912954429087,16.199274620242363,21.042093787335723,5.145000000000001,97.36
RI,2024,9,22.30240476190476,12.76442857142857,17.533416666666668,32.92,19.085000000000004
RI,2024,10,18.819666666666667,6.63294623655914,12.726306451612903,163.865,0.9550000000000007
RI,2024,11,13.577111111111112,2.783888888888889,8.180499999999999,276.695,1.2550000000000003
RI,2024,12,5.857666666666667,-3.1263225806451613,1.3656720430107527,513.925,0.0
VT,2014,1,-4.2068322807979035,-15.490382522068781,-9.846587427620603,821.8365384615385,0.0
VT,2014,2,-2.676719499042887,-14.582310266824729,-8.630479984228879,707.0438775510204,0.0
VT,2014,3,-0.5840123001589169,-14.872651413875374,-7.727641058454006,783.227659574468,0.0
VT,2014,4,11.590487031411183,-1.6759373982835313,4.963458327202123,375.3531914893617,0.3223404255319151
VT,2014,5,18.546005785834485,6.113873059970427,12.301854316519478,170.7031914893617,3.1989361702127663
VT,2014,6,23.908931215652405,10.819706121251897,17.34420139753609,46.323404255319154,26.851063829787233
VT,2014,7,25.842435691252366,13.239142555634581,19.518044256855053,18.43913043478261,62.19347826086957
VT,2014,8,24.032801381259766,11.7002125871126,17.80994197706418,34.565555555555555,29.84
VT,2014,9,20.973205400474367,7.578238614833442,14.25813310611802,125.09111111111112,18.624444444444443
VT,2014,10,14.641116099605087,4.861069959219292,9.790376002257538,245.05888888888887,3.8955555555555557
VT,2014,11,5.396638591338382,-3.4486426011066693,0.9450597281186986,482.57173913043476,0.0
VT,2014,12,1.005843038524726,-6.562271548807144,-2.7890590289247688,607.0815217391304,0.0
VT,2015,1,-4.367166541680314,-18.00777682388553,-11.234462002944166,836.533695652174,0.0
VT,2015,2,-7.749527171701084,-22.013656446434226,-14.9483546330213,849.9630434782609,0.0
VT,2015,3,1.095443116501181,-12.19011842096623,-5.588357454049473,693.8344444444444,0.0
VT,2015,4,10.489702822227231,-1.7482511631089217,4.348274257351844,388.3388888888889,0.0
VT,2015,5,23.117714059383207,7.358558936919868,15.200060282319168,106.24111111111112,23.726666666666667
VT,2015,6,21.519341003026348,9.95790824915825,15.745555278772951,80.58522727272727,15.123863636363637
VT,2015,7,25.853893659248367,13.083967300462529,19.469462399933423,21.741111111111113,64.23555555555555
VT,2015,8,25.94252540831479,13.443588822422907,19.691638940485,14.241111111111111,64.4588888888889
VT,2015,9,24.303137599705714,10.053461717422637,17.18586101122118,63.1,39.14
VT,2015,10,13.18081755763363,0.6380945158595414,6.911274650231866,333.59444444444443,0.01888888888888892
VT,2015,11,9.692708284322688,-1.666028621048918,4.012687213501508,400.9288888888889,0.00777777777777781
VT,2015,12,5.746298938887719,-2.220479718764431,1.7628813038397892,487.3611111111111,0.0
VT,2016,1,-1.3487409714044865,-11.628301261908298,-6.486372968508244,716.6977777777778,0.0
VT,2016,2,1.0914951486541358,-10.701500038380406,-4.8160125075973355,617.7766666666666,0.0
VT,2016,3,6.60141719346089,-5.19615805041435,0.7047988549856568,516.9670454545454,0.0
VT,2016,4,10.554114916634509,-3.380801913458653,3.57860839946655,422.64204545454544,0.014772727272727241
VT,2016,5,19.508059022456965,6.026508316025836,12.763695085967054,178.07386363636363,19.6
VT,2016,6,23.747706811362665,10.269590963785156,16.998580278740214,59.88977272727273,31.61590909090909
VT,2016,7,26.553639704397913,13.39782013124118,19.974803066648626,16.16627906976744,76.17558139534884
VT,2016,8,26.328095308381318,13.61309331598648,19.97000695878749,13.919767441860465,73.0813953488372
VT,2016,9,22.671573167543496,8.901376696011821,15.784668133924349,90.4779069767442,24.751162790697673
VT,2016,10,13.831767235848593,3.5971024366760713,8.717399327385113,278.35930232558144,0.4546511627906978
VT,2016,11,7.406206120737798,-1.8047006490791573,2.7974266480497434,445.80232558139534,0.0
VT,2016,12,0.191328758431844,-9.18495151519649,-4.493791096195373,683.9869047619047,0.0
VT,2017,1,0.3359778744036334,-8.705047560261713,-4.191538718898032,663.9976744186047,0.0
VT,2017,2,1.4710813546076438,-9.240905020343847,-3.885012115875362,596.2139534883721,0.0
VT,2017,3,0.8079390960920573,-10.375585545331795,-4.779453618616116,693.2024390243902,0.11707317073170725
VT,2017,4,13.479007575547525,1.6493358811079584,7.564171728327742,308.5914634146341,1.5658536585365854
VT,2017,5,17.081757188039166,5.8452643369175625,11.45767854511389,206.45714285714288,8.797619047619047
VT,2017,6,23.09561803078634,10.800272930028678,16.94794548040751,70.1107142857143,38.72857142857143
VT,2017,7,24.849263573928443,13.232986845624058,19.041416319138957,22.60487804878049,54.015853658536585
VT,2017,8,24.556925035431032,11.344168884829374,17.95146961820471,42.48170731707317,41.119512195121956
VT,2017,9,23.047807548026217,10.114794634235341,16.581856179440283,77.55731707317074,35.7609756097561
VT,2017,10,18.37783936985087,5.438474588887242,11.908156979369057,188.17439024390242,2.313414634146342
VT,2017,11,5.693497413716084,-4.4697843479761055,0.6118565328699896,516.9536585365853,0.0
VT,2017,12,-3.247966911992257,-12.21498890408107,-7.710227277842485,734.9440476190476,0.0
VT,2018,1,-3.301471321654181,-14.027965663471782,-8.664718492562981,811.3426829268293,0.0
VT,2018,2,2.3500419408955993,-9.460962208523183,-3.5592428799745877,591.6939024390244,0.0
VT,2018,3,3.0785529165843064,-6.520131089719712,-1.7207890865677022,599.2256097560976,0.0
VT,2018,4,7.846298819945874,-2.3280216597975767,2.759138580074149,442.20243902439023,0.0
VT,2018,5,21.64918475712751,6.5723483485112935,14.116159101802365,121.88780487804877,8.363414634146341
VT,2018,6,23.09438448275862,9.62165422824302,16.35737116174056,75.02000000000001,26.01
VT,2018,7,28.320889890884054,14.661742635114853,21.491316262999455,8.77875,113.82249999999999
VT,2018,8,26.503935411810282,15.133550371995325,20.820260507078956,10.09268292682927,94.69146341463414
VT,2018,9,22.165032057529114,10.614766657321745,16.39287304479777,85.98048780487804,40.50731707317073
VT,2018,10,11.479046478565321,2.8724334927998894,7.175739985682605,327.7609756097561,3.731707317073171
VT,2018,11,3.299042307692308,-4.466444297082228,-0.5837009946949603,545.14125,0.0
VT,2018,12,0.14003842358495677,-9.956208850817676,-4.906244238499522,703.8961538461539,0.0
VT,2019,1,-3.6984887470705043,-15.125570407222243,-9.417138687539133,834.4307692307692,0.0
VT,2019,2,-1.5643810772243267,-13.080141843070905,-7.324226600270651,685.1999999999999,0.0
VT,2019,3,2.9709918878225765,-9.486836034486416,-3.2611593290790934,625.9448717948718,0.0
VT,2019,4,11.21106386656296,0.03439770957012336,5.6541210785584655,358.7692307692308,0.08974358974358974
VT,2019,5,16.5432291713354,5.474394022119272,11.008811596727336,211.89743589743588,1.5025641025641023
VT,2019,6,23.237279146141216,9.945820597027494,16.591549871584355,64.60128205128204,23.196153846153848
VT,2019,7,27.8851608977241,14.516852546155928,21.200918494755012,5.361538461538462,102.83333333333333
VT,2019,8,25.621911560393777,11.886093780771201,18.753989886595345,24.45384615384615,47.79615384615384
VT,2019,9,20.78002338269205,7.704689888470498,14.243059553353156,116.66794871794872,6.297435897435898
VT,2019,10,14.440285531049907,3.1292573983597824,8.785474525085325,281.175641025641,0.1384615384615386
VT,2019,11,3.6534395089797393,-5.751026980458318,-1.0460118645666134,558.648717948718,0.0
VT,2019,12,0.11503165554319612,-9.237772803114572,-4.558805223396367,675.2225000000001,0.0
VT,2020,1,0.214997498543355,-9.70587135573918,-4.741462605275703,684.68625,0.0
VT,2020,2,0.353773360572461,-11.093875190014883,-5.349672250928108,655.5274999999999,0.0
VT,2020,3,6.317551408972933,-4.917743049257009,0.6957829340292633,517.9662500000001,0.0
VT,2020,4,9.86525277208301,-1.3829609513517558,4.238369606210013,395.1371794871795,0.0
VT,2020,5,18.94484572108804,5.161025854402413,12.052935787745225,204.86184210526315,23.638157894736842
VT,2020,6,24.48532272325376,10.783745210727968,17.63512145102662,65.52916666666667,54.76111111111111
VT,2020,7,28.12591303852288,15.925599137195356,22.024764634867665,1.058333333333333,123.05000000000001
VT,2020,8,25.218067975809912,12.592467306015694,18.905267640912804,28.54054054054054,56.26081081081081
VT,2020,9,21.51095533373664,7.637764673668563,14.5772163715713,114.4921052631579,16.736842105263158
VT,2020,10,13.55447400403741,2.863988073167717,8.20991698595147,302.1388888888889,0.09166666666666669
VT,2020,11,8.80919699872286,-2.0015838631355876,3.40396896095603,432.71666666666664,0.02499999999999996
VT,2020,12,1.843151135005974,-6.852007168458781,-2.5044280167264037,633.9333333333333,0.0
VT,2021,1,-2.3819086021505376,-10.226645758661887,-6.301975806451613,749.2444444444444,0.0
VT,2021,2,-1.988163246732691,-12.758015873015871,-7.370631147401982,702.7625,0.0
VT,2021,3,6.231002966258806,-7.700907225939854,-0.7379368725881981,563.2375,0.0
VT,2021,4,12.862230512894813,0.4132011118623695,6.646887067087371,337.6058823529412,0.026470588235294076
VT,2021,5,19.22868659768938,5.752118559454982,12.490530317833061,183.44305555555556,17.365277777777777
VT,2021,6,25.636427228405196,12.568606777960227,19.10404318453648,41.00138888888889,72.48055555555555
VT,2021,7,23.658802696705923,13.715218680662229,18.687010688684076,26.9125,46.72638888888889
VT,2021,8,26.477568492535124,15.299802629666807,20.888621453911718,13.566216216216217,97.05675675675676
VT,2021,9,21.52300395932986,9.97343607462142,15.74845401456018,78.7875,11.825
VT,2021,10,15.896004660240285,6.072110439915731,10.982480511216487,210.55,0.49027777777777776
VT,2021,11,6.623688932395829,-3.546458640337951,1.5383893660617798,490.14444444444445,0.0
VT,2021,12,2.268641096832143,-6.549540380416354,-2.1404496417921055,612.8472222222222,0.0
VT,2022,1,-4.6040401151190915,-17.825207358558302,-11.209707008374972,898.5388888888889,0.0
VT,2022,2,0.46113372224483334,-12.868847295708408,-6.199133852258852,667.6138888888888,0.0
VT,2022,3,5.077310283030528,-6.216316277345198,-0.5695029971573353,573.0402777777778,0.0
VT,2022,4,11.37547493614304,-0.22874637176361315,5.571132139332571,366.97222222222223,0.0
VT,2022,5,21.952540374078197,7.006237053516252,14.483567327895193,135.13055555555556,27.36388888888889
VT,2022,6,23.14997934784812,10.816634408765635,16.98265234446269,54.140277777777776,24.019444444444446
VT,2022,7,26.892131929340874,13.321113070228554,20.112243342436024,12.706944444444444,76.55833333333334
VT,2022,8,26.8914897187351,14.375376695194205,20.63016368224709,11.95,91.51714285714286
VT,2022,9,20.15900008622776,9.188113207417983,14.672019757004614,106.04285714285714,12.638571428571428
VT,2022,10,16.196592226790226,2.171613978902077,9.185980214981328,269.7942857142857,0.8714285714285714
VT,2022,11,9.469690098261527,-1.353931557768996,4.045282691856583,412.87,1.472857142857143
VT,2022,12,1.8258954906710867,-6.830264279624894,-2.5021843944769033,624.2735294117647,0.0
VT,2023,1,0.9748910436711697,-6.116389391380122,-2.570749173854476,633.0984848484849,0.0
VT,2023,2,0.7746426906426905,-11.921751526251526,-5.570779165279165,622.5484848484848,0.0
VT,2023,3,4.2305829311006935,-5.543334188560482,-0.656375628729894,559.278125,0.0
VT,2023,4,13.998861298307075,1.1656227567892765,7.585788521903494,294.080303030303,2.0560606060606066
VT,2023,5,19.200345935117905,3.8884047672757354,11.546799593621062,198.35151515151517,3.8772727272727283
VT,2023,6,22.787350019074157,11.511482200076431,17.13908396239025,61.70882352941176,37.46617647058823
VT,2023,7,27.101358335237954,15.763000240301825,21.4286664248242,4.2250000000000005,108.99117647058823
VT,2023,8,23.758263234606606,12.648899125389866,18.207757033248082,28.2235294117647,35.23823529411765
VT,2023,9,22.24235343091221,10.703858208258508,16.473105819585356,81.92941176470588,37.49264705882353
VT,2023,10,16.05833814493539,6.175915922375625,11.120847152325167,206.2220588235294,5.088235294117647
VT,2023,11,5.276269967531751,-3.750607843137255,0.7604048799596468,500.82205882352946,0.0
VT,2023,12,3.5433099222093527,-3.756690625419278,-0.054920101838389315,522.3411764705882,0.0
VT,2024,1,-1.2462132777705637,-8.277054178177648,-4.7647924285466,648.8324324324324,0.0
VT,2024,2,2.9954413502021184,-8.664975940793266,-2.83387698190526,576.6,0.0
VT,2024,3,6.1584222987858395,-3.863276133826116,1.1369379922614382,490.54583333333335,0.0
VT,2024,4,12.367610229276897,0.20392133586578032,6.2805861371139144,343.7083333333333,0.0
VT,2024,5,21.178290202961776,8.885258339518202,15.058917128382847,104.18194444444445,16.418055555555554
VT,2024,6,25.25180827009833,12.655385763424302,18.953597016761318,33.62567567567568,59.16891891891892
VT,2024,7,28.167050672638332,15.92483115373438,22.049971718184903,2.320270270270271,124.13648648648649
VT,2024,8,24.961418241801944,13.724100906313131,19.34275957405754,22.28648648648649,61.394594594594594
VT,2024,9,22.95752318018435,9.415795004758944,16.188101324177033,65.58513513513513,14.448648648648646
VT,2024,10,15.72849344204183,2.638335984931607,9.180562809118685,263.63428571428574,0.40428571428571447
VT,2024,11,8.8744138745815,-1.111567573373129,3.8767703728264076,407.9152777777778,0.3958333333333333
VT,2024,12,-0.030356900082984625,-8.789285530365897,-4.4065804744837,656.6027777777778,0.0
